{
    "loss": 0.5425091981887817,
    "accuracy": 0.7142857313156128
}