{
    "loss": 0.5152587294578552,
    "accuracy": 0.7582417726516724
}